	micha-ii-48	fr111-ii-48	sommer--ii-48	lanzarote-ii-48	inc-ii-48	fr751-ii-48	lancellotto-ii-48
0	0	0	0	0	0	0
1	1	1	1	1	1	1
2	2	2	2|3		2	2
3|4|5|6	3|4|5|6|7	3|4|5|6	4|5	2|3|4|5|6	3|4|5|6|7	3|4|5|6|7
		7				
7|8	8	8|9	6	7	8|9|10	8|9
9|10|11	9|10|11	10|11	7|8	8|9	11|12	10|11
12|13|14	12|13|14|15	12|13	9|10	10|11	13|14|15	12|13
15	16|17	14	11	12|13	16	14
16	18	15	12	14	17	15|16
17	19	16	13|14	15	18	17
18	20	17	15	16	19	18
19	21	18|19	16|17	17|18	20	19
20|21	22|23	20	18|19	19|20|21	21|22	20
22	24	21	20	22	23	21
23	25	22	21|22	23	24|25	22|23
24	26	23	23	24	26	24
25|26|27	27|28|29	24|25|26	24|25	25|26|27	27|28|29	25|26|27
28|29|30|31|32|33|34|35	30|31|32|33|34|35|36|37	27|28|29|30|31|32|33	26|27|28|29	28|29|30|31|32|33	30|31|32|33|34	28|29|30|31|32|33|34
36	38	34	30	34	35	35
37	39	35	31	35	36	36
38|39|40|41|42	40|41|42|43	36|37|38|39	32|33|34	36|37|38	37|38|39|40|41	37|38|39|40
43	44	40	35	39	42	41
44	45	41	36	40	43	42
45	46	42|43	37	41|42	44	43
46	47	44	38	43	45	44
47|48|49|50	48|49|50	45|46|47|48	39|40	44|45|46|47	46|47|48	45|46|47
51|52	51	49	41	48	49	48
53|54	52|53	50|51	42	49|50	50|51|52	49|50|51
55|56	54	52|53	43	51|52	53|54	52|53
57|58	55	54	44	53	55	54
59	56	55		54|55	56	55
60	57	56	45	56	57	56|57
61	58	57	46	57	58	58
62	59	58	47	58	59	59|60
63	60	59	48	59	60	61
64	61	60	49	60	61	62
65	62	61|62	50	61	62	63
66|67|68|69|70	63|64|65|66|67	63|64|65	51|52|53	62|63|64|65	63|64|65|66|67	64|65|66
71	68	66|67	54	66|67	68	67
72|73	69|70	68	55|56	68|69|70	69	68|69
74|75	71	69	57|58	71		70
76	72	70	59|60	72		71
77	73	71	61	73		72
78|79	74|75	72|73|74|75	62	74|75	70	73|74
80	76	76		76	71	75
81	77	77		77	72	76
82	78	78	63	78		77
83	79	79	64	79	73	78
84|85|86	80|81|82	80|81	65|66	80|81	74|75|76|77	79|80|81
87|88|89|90|91|92|93|94	83|84|85|86|87|88	82|83|84|85|86|87|88|89	67|68|69|70|71|72|73	82|83|84|85|86	78|79|80|81|82	82|83|84|85|86|87|88|89
95	89|90	90	74|75		83	90|91
96	91	91	76|77	87	84	92|93
97|98	92	92	78|79|80	88	85	94
99|100|101	93|94|95	93|94|95	81|82|83	89|90	86|87|88	95|96|97|98
102	96|97	96	84	91	89|90	99
					91	
	98					
103|104	99|100|101	97|98	85|86	92	92|93|94	100|101|102
105|106	102	99|100	87|88	93	95	103|104
107	103	101	89	94	96	105
108	104	102	90|91		97	106
	105					
	106					
	107					
109	108|109	103	92|93		98	107|108
110|111	110|111|112|113|114|115|116|117|118|119|120	104|105|106	94	95	99|100	109|110|111|112|113|114|115
112	121	107	95	96	101	116|117
						118
						119
						120
113	122	108|109	96	97	102	121
114|115|116	123|124|125	110|111|112	97|98	98	103|104|105	122|123|124
117|118|119	126|127|128|129	113|114|115	99|100	99|100	106|107|108	125|126|127
120	130	116|117	101|102	101	109	128
121	131	118	103	102	110	129
122	132|133	119	104|105	103	111|112	130|131
123|124|125|126	134|135|136|137	120|121|122	106|107	104|105|106|107	113|114|115	132|133|134|135
127	138	123|124	108|109	108	116	136
128	139	125|126	110|111	109	117|118	137|138
129	140	127	112	110	119	139
130	141	128	113	111	120	140
131|132	142|143|144	129|130|131	114	112|113|114	121|122|123	141|142
133|134	145|146	132|133	115	115	124|125	143|144
135	147|148	134|135	116|117	116	126|127	145|146
136|137	149	136	118	117	128|129|130	147
138|139	150	137	119	118	131	148
140|141|142	151|152|153	138|139	120|121	119|120	132|133|134	149|150|151
143|144|145	154|155|156|157	140|141|142|143	122|123	121|122	135|136|137	152|153|154
146	158	144	124	123	138	155
147	159	145	125	124	139	156
148	160	146	126	125	140	157
149	161	147	127	126	141	
150|151	162	148	128	127	142	158
152|153|154	163|164|165	149|150|151	129	128|129|130	143|144	159|160|161
155|156|157|158|159	166|167|168|169|170	152|153|154|155	130|131|132|133	131|132|133|134	145|146|147|148	162|163|164|165|166
160|161	171|172	156|157	134|135	135|136	149	167|168|169
162	173	158	136|137	137	150	170
163	174	159	138|139	138	151	171
164	175	160	140	139	152	172
165|166	176|177	161|162	141	140|141	153|154|155|156|157	173|174
167	178|179	163	142	142	158|159	175
168|169	180|181	164	143	143	160|161	176|177
170	182	165	144	144	162	178
171|172	183|184	166|167|168	145	145	163|164|165	179|180|181
173	185	169	146	146	166	182|183
174|175	186|187	170|171	147	147|148	167|168	184|185
176	188	172	148	149	169	186
177	189	173	149	150	170|171	187
178	190	174	150	151	172	188
179|180|181|182	191|192|193	175|176|177	151|152|153|154	152|153|154|155	173|174|175|176|177	189|190|191|192
183	194	178	155	156	178	193
184	195|196	179	156|157	157|158	179|180	194
					181	
					182	
185	197|198	180|181	158|159	159	183|184	195|196
186	199	182	160|161	160	185	197
187	200	183	162	161	186	198
188	201	184	163	162	187	199
189	202	185	164	163	188	200
190|191	203|204|205	186|187	165|166|167	164|165	189	201|202|203
192	206|207	188|189	168|169	166	190	204|205
193	208	190|191	170	167	191	206
194|195	209|210	192|193	171	168|169	192	207|208
196|197	211|212	194|195	172	170|171	193|194	209|210
198|199|200|201	213|214|215|216	196|197|198|199	173|174	172|173|174	195|196|197|198	211|212|213
202	217	200	175	175	199	214
203	218	201	176	176	200	215
204|205	219|220|221|222	202	177|178	177|178	201|202	216|217
206|207|208	223|224|225	203|204|205|206	179|180	179|180	203|204|205	218|219
209	226	207	181	181	206	220
210	227|228	208	182	182|183	207|208	221
	229					
211|212	230	209	183|184	184|185	209	222|223|224
213|214|215|216|217	231|232|233|234|235	210|211|212	185|186|187|188	186|187|188|189	210|211|212|213|214	225|226|227|228|229
218|219|220	236|237|238|239	213|214|215|216	189|190|191|192	190|191	215|216	230|231|232|233
221	240|241	217|218	193|194	192	217|218	234|235
						236
						237
						238
222	242|243	219	195	193	219	239|240
223	244	220	196	194	220	241
			197			
224	245	221	198|199	195	221	242
225	246	222	200	196	222	243
226|227|228|229|230	247|248|249|250|251	223|224|225|226|227	201|202|203	197|198|199	223|224|225|226	244|245|246|247|248
231	252	228|229	204	200	227	249|250
232|233	253|254	230|231	205	201	228|229|230	251|252|253
234|235|236|237|238|239	255|256|257|258	232|233|234|235|236	206|207|208	202|203|204|205	231|232|233|234	254|255|256|257|258
240|241	259	237|238|239	209	206	235	259|260
242	260	240		207	236	261|262
243|244	261|262	241|242	210	208|209	237|238	263
245|246|247	263|264|265	243|244|245	211	210|211	239|240	264|265|266|267
248	266	246	212|213	212	241	268
249|250	267|268|269	247	214|215|216	213|214	242|243	269|270|271
251	270	248	217	215	244|245	272
252|253|254	271|272|273	249|250	218|219	216|217	246|247	273|274|275
255|256|257|258|259	274|275|276	251|252|253|254|255	220|221|222|223	218|219|220|221	248|249|250	276|277|278|279|280
260|261|262	277|278|279	256|257|258|259	224|225	222|223	251|252|253	281|282|283
263|264	280|281	260|261	226	224	254|255	284|285
265|266|267|268	282|283|284	262|263	227|228|229	225|226	256|257|258	286|287|288
269	285	264	230	227	259	289
270|271|272	286|287|288	265|266|267	231	228|229	260|261|262	290|291|292
273|274|275|276|277|278|279|280	289|290|291|292|293|294|295	268|269|270|271|272|273|274|275|276	232|233|234|235|236|237|238|239	230|231|232|233|234|235	263|264|265|266|267|268|269|270	293|294|295|296|297|298|299|300|301
281	296	277	240	236	271	302
282|283	297|298|299	278|279	241	237|238	272|273|274	303|304
284|285|286	300|301|302	280|281|282	242|243	239|240	275|276|277	305|306|307|308
287|288|289	303|304|305	283|284	244|245|246	241|242	278|279|280	309|310|311
290|291	306|307	285|286	247|248	243|244	281	312|313
292	308	287|288	249	245	282	314
293|294	309|310	289|290	250|251|252|253	246|247	283|284	315
